Model,Accuracy,Precision,Recall,F1,AUC,MCC
Logistic Regression,0.8098333333333333,0.6919642857142857,0.2361005331302361,0.35207268597387853,0.603328696264286,0.32506263352953246
Decision Tree,0.7286666666666667,0.3891625615763547,0.4211728865194212,0.40453547915142657,0.6179898996283899,0.22949451300230705
KNN,0.7951666666666667,0.5492957746478874,0.3564356435643564,0.4323325635103926,0.637253452249428,0.3251577021337007
Naive Bayes,0.707,0.3966558290757083,0.6504188880426505,0.49278707443739184,0.6866346627113188,0.3217503541630435
Random Forest,0.815,0.6355140186915887,0.3625285605483625,0.46168768186226966,0.6521411738094918,0.3806226951304009
XGBoost,0.8148333333333333,0.6346666666666667,0.3625285605483625,0.46146388754241396,0.6520344957638335,0.38013835422721687
