Model,Accuracy,Precision,Recall,F1,AUC,MCC
Logistic Regression,0.8078333333333333,0.6883116883116883,0.23963828183873398,0.35550586920067073,0.7075721274599178,0.32509787852641475
Decision Tree,0.8156666666666667,0.6479250334672021,0.36473247927656366,0.4667309546769527,0.7453315725622236,0.38775422923887437
KNN,0.8003333333333333,0.5819567979669632,0.34513941220798794,0.43330179754020814,0.7097082100817746,0.33776609424548504
Naive Bayes,0.7525,0.4514742014742015,0.5538809344385832,0.49746192893401003,0.7249303386463403,0.33862043928395225
Random Forest,0.8138333333333333,0.6744186046511628,0.3059532780708365,0.42094349403836184,0.770163573356925,0.36470303180829733
XGBoost,0.8173333333333334,0.6571428571428571,0.36397889977392617,0.46847720659553826,0.7765281190942662,0.3924868878349867
